run_id,perplexity,metric,n_components,seed,trustworthiness,silhouette_breed,seed_stability_vs_base,embedding_csv
tsne_euclidean_perp5_seed7_2d,5,euclidean,2,7,0.8589115472784697,0.8167284892140315,1.0,/Users/ariya/Documents/school/columbia/CBMF4761/Project/results/embeddings/tsne_euclidean_perp5_seed7_2d.csv
tsne_euclidean_perp5_seed42_2d,5,euclidean,2,42,0.8587287546765421,0.8171205458604789,0.7033158813263525,/Users/ariya/Documents/school/columbia/CBMF4761/Project/results/embeddings/tsne_euclidean_perp5_seed42_2d.csv
tsne_euclidean_perp5_seed99_2d,5,euclidean,2,99,0.8672754187779649,0.8166844106638438,0.7201196709050112,/Users/ariya/Documents/school/columbia/CBMF4761/Project/results/embeddings/tsne_euclidean_perp5_seed99_2d.csv
tsne_euclidean_perp5_seed123_2d,5,euclidean,2,123,0.8656383681557605,0.8174284143268609,0.6922961854899027,/Users/ariya/Documents/school/columbia/CBMF4761/Project/results/embeddings/tsne_euclidean_perp5_seed123_2d.csv
tsne_euclidean_perp5_seed256_2d,5,euclidean,2,256,0.8542234122525308,0.817548724243948,0.7149339316878583,/Users/ariya/Documents/school/columbia/CBMF4761/Project/results/embeddings/tsne_euclidean_perp5_seed256_2d.csv
tsne_euclidean_perp5_seed7_3d,5,euclidean,3,7,0.8620548817995566,0.7545923201338292,1.0,/Users/ariya/Documents/school/columbia/CBMF4761/Project/results/embeddings/tsne_euclidean_perp5_seed7_3d.csv
tsne_euclidean_perp5_seed42_3d,5,euclidean,3,42,0.8677330643621972,0.7547591433325319,0.662428322114186,/Users/ariya/Documents/school/columbia/CBMF4761/Project/results/embeddings/tsne_euclidean_perp5_seed42_3d.csv
tsne_euclidean_perp5_seed99_3d,5,euclidean,3,99,0.8656958964066473,0.7545239263870862,0.6601346297681375,/Users/ariya/Documents/school/columbia/CBMF4761/Project/results/embeddings/tsne_euclidean_perp5_seed99_3d.csv
tsne_euclidean_perp5_seed123_3d,5,euclidean,3,123,0.8706870413820138,0.7553476185365955,0.6604338070306657,/Users/ariya/Documents/school/columbia/CBMF4761/Project/results/embeddings/tsne_euclidean_perp5_seed123_3d.csv
tsne_euclidean_perp5_seed256_3d,5,euclidean,3,256,0.8760208513346288,0.7549026161686287,0.6668162552979306,/Users/ariya/Documents/school/columbia/CBMF4761/Project/results/embeddings/tsne_euclidean_perp5_seed256_3d.csv
tsne_cosine_perp5_seed7_2d,5,cosine,2,7,0.8734589468004085,0.7752342473519834,1.0,/Users/ariya/Documents/school/columbia/CBMF4761/Project/results/embeddings/tsne_cosine_perp5_seed7_2d.csv
tsne_cosine_perp5_seed42_2d,5,cosine,2,42,0.8803577073246441,0.7766089547934024,0.7454998753428073,/Users/ariya/Documents/school/columbia/CBMF4761/Project/results/embeddings/tsne_cosine_perp5_seed42_2d.csv
tsne_cosine_perp5_seed99_2d,5,cosine,2,99,0.8764554628500695,0.7777697445172795,0.7466467215158314,/Users/ariya/Documents/school/columbia/CBMF4761/Project/results/embeddings/tsne_cosine_perp5_seed99_2d.csv
tsne_cosine_perp5_seed123_2d,5,cosine,2,123,0.8754935722804904,0.7766107898089476,0.7347294938917975,/Users/ariya/Documents/school/columbia/CBMF4761/Project/results/embeddings/tsne_cosine_perp5_seed123_2d.csv
tsne_cosine_perp5_seed256_2d,5,cosine,2,256,0.8779417105243685,0.7767853285775467,0.7532286212914485,/Users/ariya/Documents/school/columbia/CBMF4761/Project/results/embeddings/tsne_cosine_perp5_seed256_2d.csv
tsne_cosine_perp5_seed7_3d,5,cosine,3,7,0.8813077203595744,0.7132718535218465,1.0,/Users/ariya/Documents/school/columbia/CBMF4761/Project/results/embeddings/tsne_cosine_perp5_seed7_3d.csv
tsne_cosine_perp5_seed42_3d,5,cosine,3,42,0.8718455753527116,0.7143311325065391,0.7327848416853653,/Users/ariya/Documents/school/columbia/CBMF4761/Project/results/embeddings/tsne_cosine_perp5_seed42_3d.csv
tsne_cosine_perp5_seed99_3d,5,cosine,3,99,0.879854714603334,0.7132922160512217,0.7232111692844677,/Users/ariya/Documents/school/columbia/CBMF4761/Project/results/embeddings/tsne_cosine_perp5_seed99_3d.csv
tsne_cosine_perp5_seed123_3d,5,cosine,3,123,0.8766242149158308,0.7118250255718109,0.7293941660433807,/Users/ariya/Documents/school/columbia/CBMF4761/Project/results/embeddings/tsne_cosine_perp5_seed123_3d.csv
tsne_cosine_perp5_seed256_3d,5,cosine,3,256,0.8770706280711301,0.712822988622626,0.7226128147594116,/Users/ariya/Documents/school/columbia/CBMF4761/Project/results/embeddings/tsne_cosine_perp5_seed256_3d.csv
tsne_correlation_perp5_seed7_2d,5,correlation,2,7,0.8811124051172822,0.7747836739002141,1.0,/Users/ariya/Documents/school/columbia/CBMF4761/Project/results/embeddings/tsne_correlation_perp5_seed7_2d.csv
tsne_correlation_perp5_seed42_2d,5,correlation,2,42,0.8777682150342266,0.7760309312208611,0.7653453004238344,/Users/ariya/Documents/school/columbia/CBMF4761/Project/results/embeddings/tsne_correlation_perp5_seed42_2d.csv
tsne_correlation_perp5_seed99_2d,5,correlation,2,99,0.8787124980125052,0.7767871059750544,0.7489902767389678,/Users/ariya/Documents/school/columbia/CBMF4761/Project/results/embeddings/tsne_correlation_perp5_seed99_2d.csv
tsne_correlation_perp5_seed123_2d,5,correlation,2,123,0.8807169932609221,0.7757678923870767,0.750137122911992,/Users/ariya/Documents/school/columbia/CBMF4761/Project/results/embeddings/tsne_correlation_perp5_seed123_2d.csv
tsne_correlation_perp5_seed256_2d,5,correlation,2,256,0.8783041081470401,0.7763468727068938,0.7551732734978808,/Users/ariya/Documents/school/columbia/CBMF4761/Project/results/embeddings/tsne_correlation_perp5_seed256_2d.csv
tsne_correlation_perp5_seed7_3d,5,correlation,3,7,0.8840699871396278,0.7126547719200175,1.0,/Users/ariya/Documents/school/columbia/CBMF4761/Project/results/embeddings/tsne_correlation_perp5_seed7_3d.csv
tsne_correlation_perp5_seed42_3d,5,correlation,3,42,0.8818094987642431,0.7126373095877179,0.7328347045624533,/Users/ariya/Documents/school/columbia/CBMF4761/Project/results/embeddings/tsne_correlation_perp5_seed42_3d.csv
tsne_correlation_perp5_seed99_3d,5,correlation,3,99,0.8821497351082089,0.7113139011772852,0.731588132635253,/Users/ariya/Documents/school/columbia/CBMF4761/Project/results/embeddings/tsne_correlation_perp5_seed99_3d.csv
tsne_correlation_perp5_seed123_3d,5,correlation,3,123,0.8856781977415987,0.7136080961814655,0.73742208925455,/Users/ariya/Documents/school/columbia/CBMF4761/Project/results/embeddings/tsne_correlation_perp5_seed123_3d.csv
tsne_correlation_perp5_seed256_3d,5,correlation,3,256,0.8847355465013071,0.714402387769038,0.7204687110446273,/Users/ariya/Documents/school/columbia/CBMF4761/Project/results/embeddings/tsne_correlation_perp5_seed256_3d.csv
tsne_manhattan_perp5_seed7_2d,5,manhattan,2,7,0.8771875060478661,0.8079142557763748,1.0,/Users/ariya/Documents/school/columbia/CBMF4761/Project/results/embeddings/tsne_manhattan_perp5_seed7_2d.csv
tsne_manhattan_perp5_seed42_2d,5,manhattan,2,42,0.868821092072903,0.8093234765436347,0.725006232859636,/Users/ariya/Documents/school/columbia/CBMF4761/Project/results/embeddings/tsne_manhattan_perp5_seed42_2d.csv
tsne_manhattan_perp5_seed99_2d,5,manhattan,2,99,0.8702499632858953,0.8066328654381848,0.7343804537521815,/Users/ariya/Documents/school/columbia/CBMF4761/Project/results/embeddings/tsne_manhattan_perp5_seed99_2d.csv
tsne_manhattan_perp5_seed123_2d,5,manhattan,2,123,0.8705637123481202,0.8058925516595369,0.7218648716030915,/Users/ariya/Documents/school/columbia/CBMF4761/Project/results/embeddings/tsne_manhattan_perp5_seed123_2d.csv
tsne_manhattan_perp5_seed256_2d,5,manhattan,2,256,0.8687817406242422,0.8071207552227434,0.7307404637247569,/Users/ariya/Documents/school/columbia/CBMF4761/Project/results/embeddings/tsne_manhattan_perp5_seed256_2d.csv
tsne_manhattan_perp5_seed7_3d,5,manhattan,3,7,0.8743444872111586,0.7455885323988419,1.0,/Users/ariya/Documents/school/columbia/CBMF4761/Project/results/embeddings/tsne_manhattan_perp5_seed7_3d.csv
tsne_manhattan_perp5_seed42_3d,5,manhattan,3,42,0.8811240549675606,0.7432111562594266,0.6810770381451009,/Users/ariya/Documents/school/columbia/CBMF4761/Project/results/embeddings/tsne_manhattan_perp5_seed42_3d.csv
tsne_manhattan_perp5_seed99_3d,5,manhattan,3,99,0.8787143953822574,0.7461513347397613,0.6845674395412615,/Users/ariya/Documents/school/columbia/CBMF4761/Project/results/embeddings/tsne_manhattan_perp5_seed99_3d.csv
tsne_manhattan_perp5_seed123_3d,5,manhattan,3,123,0.8784059589553386,0.7447633556524692,0.6969334330590875,/Users/ariya/Documents/school/columbia/CBMF4761/Project/results/embeddings/tsne_manhattan_perp5_seed123_3d.csv
tsne_manhattan_perp5_seed256_3d,5,manhattan,3,256,0.8691450489843949,0.7459506902813495,0.6917975567190228,/Users/ariya/Documents/school/columbia/CBMF4761/Project/results/embeddings/tsne_manhattan_perp5_seed256_3d.csv
tsne_euclidean_perp10_seed7_2d,10,euclidean,2,7,0.9041179754154006,0.8391077215356159,1.0,/Users/ariya/Documents/school/columbia/CBMF4761/Project/results/embeddings/tsne_euclidean_perp10_seed7_2d.csv
tsne_euclidean_perp10_seed42_2d,10,euclidean,2,42,0.893881437917872,0.8394761375965716,0.8191473448017951,/Users/ariya/Documents/school/columbia/CBMF4761/Project/results/embeddings/tsne_euclidean_perp10_seed42_2d.csv
tsne_euclidean_perp10_seed99_2d,10,euclidean,2,99,0.8991903543793381,0.839716976304919,0.8158563949139865,/Users/ariya/Documents/school/columbia/CBMF4761/Project/results/embeddings/tsne_euclidean_perp10_seed99_2d.csv
tsne_euclidean_perp10_seed123_2d,10,euclidean,2,123,0.9019464736813945,0.8395396409329233,0.8005484916479682,/Users/ariya/Documents/school/columbia/CBMF4761/Project/results/embeddings/tsne_euclidean_perp10_seed123_2d.csv
tsne_euclidean_perp10_seed256_2d,10,euclidean,2,256,0.9027711085230987,0.8395896071006216,0.8251308900523561,/Users/ariya/Documents/school/columbia/CBMF4761/Project/results/embeddings/tsne_euclidean_perp10_seed256_2d.csv
tsne_euclidean_perp10_seed7_3d,10,euclidean,3,7,0.9034799279151284,0.7795559885633827,1.0,/Users/ariya/Documents/school/columbia/CBMF4761/Project/results/embeddings/tsne_euclidean_perp10_seed7_3d.csv
tsne_euclidean_perp10_seed42_3d,10,euclidean,3,42,0.9117250999629254,0.7786251021851885,0.7517825978558964,/Users/ariya/Documents/school/columbia/CBMF4761/Project/results/embeddings/tsne_euclidean_perp10_seed42_3d.csv
tsne_euclidean_perp10_seed99_3d,10,euclidean,3,99,0.9055973546111967,0.7793342121177089,0.7588631264023934,/Users/ariya/Documents/school/columbia/CBMF4761/Project/results/embeddings/tsne_euclidean_perp10_seed99_3d.csv
tsne_euclidean_perp10_seed123_3d,10,euclidean,3,123,0.9062775616673631,0.7792333021967595,0.7668910496135627,/Users/ariya/Documents/school/columbia/CBMF4761/Project/results/embeddings/tsne_euclidean_perp10_seed123_3d.csv
tsne_euclidean_perp10_seed256_3d,10,euclidean,3,256,0.9147682154137006,0.7773791750084976,0.7676888556469709,/Users/ariya/Documents/school/columbia/CBMF4761/Project/results/embeddings/tsne_euclidean_perp10_seed256_3d.csv
tsne_cosine_perp10_seed7_2d,10,cosine,2,7,0.9295102850722158,0.8179523467378496,1.0,/Users/ariya/Documents/school/columbia/CBMF4761/Project/results/embeddings/tsne_cosine_perp10_seed7_2d.csv
tsne_cosine_perp10_seed42_2d,10,cosine,2,42,0.9283093638612537,0.8181885929267412,0.9129892794814262,/Users/ariya/Documents/school/columbia/CBMF4761/Project/results/embeddings/tsne_cosine_perp10_seed42_2d.csv
tsne_cosine_perp10_seed99_2d,10,cosine,2,99,0.929124473906802,0.8178122404088494,0.9270007479431563,/Users/ariya/Documents/school/columbia/CBMF4761/Project/results/embeddings/tsne_cosine_perp10_seed99_2d.csv
tsne_cosine_perp10_seed123_2d,10,cosine,2,123,0.9273283098571774,0.81819602662247,0.924208426826228,/Users/ariya/Documents/school/columbia/CBMF4761/Project/results/embeddings/tsne_cosine_perp10_seed123_2d.csv
tsne_cosine_perp10_seed256_2d,10,cosine,2,256,0.925579504156568,0.8186410223418573,0.918823236100723,/Users/ariya/Documents/school/columbia/CBMF4761/Project/results/embeddings/tsne_cosine_perp10_seed256_2d.csv
tsne_cosine_perp10_seed7_3d,10,cosine,3,7,0.9266509868030344,0.764652855026182,1.0,/Users/ariya/Documents/school/columbia/CBMF4761/Project/results/embeddings/tsne_cosine_perp10_seed7_3d.csv
tsne_cosine_perp10_seed42_3d,10,cosine,3,42,0.9293283273129791,0.7630266815401098,0.8963350785340315,/Users/ariya/Documents/school/columbia/CBMF4761/Project/results/embeddings/tsne_cosine_perp10_seed42_3d.csv
tsne_cosine_perp10_seed99_3d,10,cosine,3,99,0.9303699453595459,0.7623833609811693,0.8824233358264774,/Users/ariya/Documents/school/columbia/CBMF4761/Project/results/embeddings/tsne_cosine_perp10_seed99_3d.csv
tsne_cosine_perp10_seed123_3d,10,cosine,3,123,0.9318797583661673,0.7628145547609382,0.8919970082273748,/Users/ariya/Documents/school/columbia/CBMF4761/Project/results/embeddings/tsne_cosine_perp10_seed123_3d.csv
tsne_cosine_perp10_seed256_3d,10,cosine,3,256,0.9271333740888357,0.7636946002381784,0.9033657442034406,/Users/ariya/Documents/school/columbia/CBMF4761/Project/results/embeddings/tsne_cosine_perp10_seed256_3d.csv
tsne_correlation_perp10_seed7_2d,10,correlation,2,7,0.9281317700524471,0.8136240116515476,1.0,/Users/ariya/Documents/school/columbia/CBMF4761/Project/results/embeddings/tsne_correlation_perp10_seed7_2d.csv
tsne_correlation_perp10_seed42_2d,10,correlation,2,42,0.9257498500129211,0.8159929447766558,0.9329344303166294,/Users/ariya/Documents/school/columbia/CBMF4761/Project/results/embeddings/tsne_correlation_perp10_seed42_2d.csv
tsne_correlation_perp10_seed99_2d,10,correlation,2,99,0.9265660984803207,0.8170493781728421,0.9379705809025181,/Users/ariya/Documents/school/columbia/CBMF4761/Project/results/embeddings/tsne_correlation_perp10_seed99_2d.csv
tsne_correlation_perp10_seed123_2d,10,correlation,2,123,0.9250817102283788,0.8149213732951683,0.9244577412116679,/Users/ariya/Documents/school/columbia/CBMF4761/Project/results/embeddings/tsne_correlation_perp10_seed123_2d.csv
tsne_correlation_perp10_seed256_2d,10,correlation,2,256,0.9276626264075163,0.8139208287034625,0.9236100723011716,/Users/ariya/Documents/school/columbia/CBMF4761/Project/results/embeddings/tsne_correlation_perp10_seed256_2d.csv
tsne_correlation_perp10_seed7_3d,10,correlation,3,7,0.928214191794483,0.7656952609125003,1.0,/Users/ariya/Documents/school/columbia/CBMF4761/Project/results/embeddings/tsne_correlation_perp10_seed7_3d.csv
tsne_correlation_perp10_seed42_3d,10,correlation,3,42,0.928871820150598,0.7636884730648047,0.8965843929194717,/Users/ariya/Documents/school/columbia/CBMF4761/Project/results/embeddings/tsne_correlation_perp10_seed42_3d.csv
tsne_correlation_perp10_seed99_3d,10,correlation,3,99,0.9317739230813892,0.7630881424610808,0.8913986537023187,/Users/ariya/Documents/school/columbia/CBMF4761/Project/results/embeddings/tsne_correlation_perp10_seed99_3d.csv
tsne_correlation_perp10_seed123_3d,10,correlation,3,123,0.9289868387049769,0.7625939953557196,0.8929942657691349,/Users/ariya/Documents/school/columbia/CBMF4761/Project/results/embeddings/tsne_correlation_perp10_seed123_3d.csv
tsne_correlation_perp10_seed256_3d,10,correlation,3,256,0.9306761428901571,0.7631175473877387,0.8943405634505112,/Users/ariya/Documents/school/columbia/CBMF4761/Project/results/embeddings/tsne_correlation_perp10_seed256_3d.csv
tsne_manhattan_perp10_seed7_2d,10,manhattan,2,7,0.9285664195152827,0.8425459047425702,1.0,/Users/ariya/Documents/school/columbia/CBMF4761/Project/results/embeddings/tsne_manhattan_perp10_seed7_2d.csv
tsne_manhattan_perp10_seed42_2d,10,manhattan,2,42,0.9299149181455715,0.8400370044374691,0.8646222887060584,/Users/ariya/Documents/school/columbia/CBMF4761/Project/results/embeddings/tsne_manhattan_perp10_seed42_2d.csv
tsne_manhattan_perp10_seed99_2d,10,manhattan,2,99,0.9317558601213481,0.8406301328118949,0.855946148092745,/Users/ariya/Documents/school/columbia/CBMF4761/Project/results/embeddings/tsne_manhattan_perp10_seed99_2d.csv
tsne_manhattan_perp10_seed123_2d,10,manhattan,2,123,0.930045153605363,0.8409881395739455,0.8493642483171279,/Users/ariya/Documents/school/columbia/CBMF4761/Project/results/embeddings/tsne_manhattan_perp10_seed123_2d.csv
tsne_manhattan_perp10_seed256_2d,10,manhattan,2,256,0.9290064195608196,0.8421436056952428,0.8610321615557218,/Users/ariya/Documents/school/columbia/CBMF4761/Project/results/embeddings/tsne_manhattan_perp10_seed256_2d.csv
tsne_manhattan_perp10_seed7_3d,10,manhattan,3,7,0.9340791134881359,0.7852596654978728,1.0,/Users/ariya/Documents/school/columbia/CBMF4761/Project/results/embeddings/tsne_manhattan_perp10_seed7_3d.csv
tsne_manhattan_perp10_seed42_3d,10,manhattan,3,42,0.9307289277166635,0.783646830480144,0.8074794315632011,/Users/ariya/Documents/school/columbia/CBMF4761/Project/results/embeddings/tsne_manhattan_perp10_seed42_3d.csv
tsne_manhattan_perp10_seed99_3d,10,manhattan,3,99,0.933475749906934,0.7819405087036205,0.8107703814510098,/Users/ariya/Documents/school/columbia/CBMF4761/Project/results/embeddings/tsne_manhattan_perp10_seed99_3d.csv
tsne_manhattan_perp10_seed123_3d,10,manhattan,3,123,0.9325708563247113,0.7828697103151139,0.8131637995512342,/Users/ariya/Documents/school/columbia/CBMF4761/Project/results/embeddings/tsne_manhattan_perp10_seed123_3d.csv
tsne_manhattan_perp10_seed256_3d,10,manhattan,3,256,0.9371623393354728,0.7849327959532358,0.8258289703315882,/Users/ariya/Documents/school/columbia/CBMF4761/Project/results/embeddings/tsne_manhattan_perp10_seed256_3d.csv
tsne_euclidean_perp15_seed7_2d,15,euclidean,2,7,0.9092367374803005,0.8161894605146367,1.0,/Users/ariya/Documents/school/columbia/CBMF4761/Project/results/embeddings/tsne_euclidean_perp15_seed7_2d.csv
tsne_euclidean_perp15_seed42_2d,15,euclidean,2,42,0.9073468054175219,0.8165331129730545,0.8582398404387933,/Users/ariya/Documents/school/columbia/CBMF4761/Project/results/embeddings/tsne_euclidean_perp15_seed42_2d.csv
tsne_euclidean_perp15_seed99_2d,15,euclidean,2,99,0.9101617431818967,0.8163919646046213,0.8318623784592372,/Users/ariya/Documents/school/columbia/CBMF4761/Project/results/embeddings/tsne_euclidean_perp15_seed99_2d.csv
tsne_euclidean_perp15_seed123_2d,15,euclidean,2,123,0.9070568873193846,0.817656178758419,0.7967090501121915,/Users/ariya/Documents/school/columbia/CBMF4761/Project/results/embeddings/tsne_euclidean_perp15_seed123_2d.csv
tsne_euclidean_perp15_seed256_2d,15,euclidean,2,256,0.9101371153225131,0.8163852182449375,0.8452256295188232,/Users/ariya/Documents/school/columbia/CBMF4761/Project/results/embeddings/tsne_euclidean_perp15_seed256_2d.csv
tsne_euclidean_perp15_seed7_3d,15,euclidean,3,7,0.914942090377793,0.7422544611674015,1.0,/Users/ariya/Documents/school/columbia/CBMF4761/Project/results/embeddings/tsne_euclidean_perp15_seed7_3d.csv
tsne_euclidean_perp15_seed42_3d,15,euclidean,3,42,0.9218720816081499,0.7393325557092898,0.77571677885814,/Users/ariya/Documents/school/columbia/CBMF4761/Project/results/embeddings/tsne_euclidean_perp15_seed42_3d.csv
tsne_euclidean_perp15_seed99_3d,15,euclidean,3,99,0.919916576446735,0.7403342303391811,0.8096733981550736,/Users/ariya/Documents/school/columbia/CBMF4761/Project/results/embeddings/tsne_euclidean_perp15_seed99_3d.csv
tsne_euclidean_perp15_seed123_3d,15,euclidean,3,123,0.9237433056051718,0.739350091375766,0.7697332336075791,/Users/ariya/Documents/school/columbia/CBMF4761/Project/results/embeddings/tsne_euclidean_perp15_seed123_3d.csv
tsne_euclidean_perp15_seed256_3d,15,euclidean,3,256,0.9222725404680507,0.736409517085622,0.7588631264023935,/Users/ariya/Documents/school/columbia/CBMF4761/Project/results/embeddings/tsne_euclidean_perp15_seed256_3d.csv
tsne_cosine_perp15_seed7_2d,15,cosine,2,7,0.9295470560980136,0.7997345914134228,1.0,/Users/ariya/Documents/school/columbia/CBMF4761/Project/results/embeddings/tsne_cosine_perp15_seed7_2d.csv
tsne_cosine_perp15_seed42_2d,15,cosine,2,42,0.930136265300864,0.8000626955891894,0.9265519820493644,/Users/ariya/Documents/school/columbia/CBMF4761/Project/results/embeddings/tsne_cosine_perp15_seed42_2d.csv
tsne_cosine_perp15_seed99_2d,15,cosine,2,99,0.9310618022659908,0.799766403761525,0.9447020693093992,/Users/ariya/Documents/school/columbia/CBMF4761/Project/results/embeddings/tsne_cosine_perp15_seed99_2d.csv
tsne_cosine_perp15_seed123_2d,15,cosine,2,123,0.9307318117186869,0.8000014835866373,0.9401146846173024,/Users/ariya/Documents/school/columbia/CBMF4761/Project/results/embeddings/tsne_cosine_perp15_seed123_2d.csv
tsne_cosine_perp15_seed256_2d,15,cosine,2,256,0.9335587788072907,0.8000938027989336,0.9230117177761157,/Users/ariya/Documents/school/columbia/CBMF4761/Project/results/embeddings/tsne_cosine_perp15_seed256_2d.csv
tsne_cosine_perp15_seed7_3d,15,cosine,3,7,0.9284526911723354,0.7448954313246068,1.0,/Users/ariya/Documents/school/columbia/CBMF4761/Project/results/embeddings/tsne_cosine_perp15_seed7_3d.csv
tsne_cosine_perp15_seed42_3d,15,cosine,3,42,0.9312269113818279,0.740502580861374,0.9134380453752183,/Users/ariya/Documents/school/columbia/CBMF4761/Project/results/embeddings/tsne_cosine_perp15_seed42_3d.csv
tsne_cosine_perp15_seed99_3d,15,cosine,3,99,0.9297126205825912,0.7419830311153104,0.9192720019945151,/Users/ariya/Documents/school/columbia/CBMF4761/Project/results/embeddings/tsne_cosine_perp15_seed99_3d.csv
tsne_cosine_perp15_seed123_3d,15,cosine,3,123,0.9298702920089996,0.7429616722856847,0.9170780354026428,/Users/ariya/Documents/school/columbia/CBMF4761/Project/results/embeddings/tsne_cosine_perp15_seed123_3d.csv
tsne_cosine_perp15_seed256_3d,15,cosine,3,256,0.9271163736558559,0.742322411447245,0.9224133632510597,/Users/ariya/Documents/school/columbia/CBMF4761/Project/results/embeddings/tsne_cosine_perp15_seed256_3d.csv
tsne_correlation_perp15_seed7_2d,15,correlation,2,7,0.9326500525381685,0.7996846998846875,1.0,/Users/ariya/Documents/school/columbia/CBMF4761/Project/results/embeddings/tsne_correlation_perp15_seed7_2d.csv
tsne_correlation_perp15_seed42_2d,15,correlation,2,42,0.9302100729842249,0.7994025818345923,0.9523809523809524,/Users/ariya/Documents/school/columbia/CBMF4761/Project/results/embeddings/tsne_correlation_perp15_seed42_2d.csv
tsne_correlation_perp15_seed99_2d,15,correlation,2,99,0.9330757843631687,0.7992670599076676,0.9295437546746449,/Users/ariya/Documents/school/columbia/CBMF4761/Project/results/embeddings/tsne_correlation_perp15_seed99_2d.csv
tsne_correlation_perp15_seed123_2d,15,correlation,2,123,0.9326994979939109,0.8002056192656515,0.949887808526552,/Users/ariya/Documents/school/columbia/CBMF4761/Project/results/embeddings/tsne_correlation_perp15_seed123_2d.csv
tsne_correlation_perp15_seed256_2d,15,correlation,2,256,0.9331967227111744,0.7995055427752372,0.9338319621042136,/Users/ariya/Documents/school/columbia/CBMF4761/Project/results/embeddings/tsne_correlation_perp15_seed256_2d.csv
tsne_correlation_perp15_seed7_3d,15,correlation,3,7,0.9292269698208162,0.7411472558364075,1.0,/Users/ariya/Documents/school/columbia/CBMF4761/Project/results/embeddings/tsne_correlation_perp15_seed7_3d.csv
tsne_correlation_perp15_seed42_3d,15,correlation,3,42,0.9302863093008686,0.740181321407236,0.9264023934181002,/Users/ariya/Documents/school/columbia/CBMF4761/Project/results/embeddings/tsne_correlation_perp15_seed42_3d.csv
tsne_correlation_perp15_seed99_3d,15,correlation,3,99,0.9289702556933426,0.7423351127407706,0.9284966342557966,/Users/ariya/Documents/school/columbia/CBMF4761/Project/results/embeddings/tsne_correlation_perp15_seed99_3d.csv
tsne_correlation_perp15_seed123_3d,15,correlation,3,123,0.9298043014890178,0.7411887706296009,0.9263026676639244,/Users/ariya/Documents/school/columbia/CBMF4761/Project/results/embeddings/tsne_correlation_perp15_seed123_3d.csv
tsne_correlation_perp15_seed256_3d,15,correlation,3,256,0.9289417571996644,0.7415027314283716,0.936873597606582,/Users/ariya/Documents/school/columbia/CBMF4761/Project/results/embeddings/tsne_correlation_perp15_seed256_3d.csv
tsne_manhattan_perp15_seed7_2d,15,manhattan,2,7,0.9385785361185204,0.8160214986384818,1.0,/Users/ariya/Documents/school/columbia/CBMF4761/Project/results/embeddings/tsne_manhattan_perp15_seed7_2d.csv
tsne_manhattan_perp15_seed42_2d,15,manhattan,2,42,0.9377786429783848,0.8156774421863205,0.9441037147843431,/Users/ariya/Documents/school/columbia/CBMF4761/Project/results/embeddings/tsne_manhattan_perp15_seed42_2d.csv
tsne_manhattan_perp15_seed99_2d,15,manhattan,2,99,0.9382658116359616,0.815685114098356,0.9524806781351284,/Users/ariya/Documents/school/columbia/CBMF4761/Project/results/embeddings/tsne_manhattan_perp15_seed99_2d.csv
tsne_manhattan_perp15_seed123_2d,15,manhattan,2,123,0.9377336753152574,0.8160229159995005,0.9427075542258789,/Users/ariya/Documents/school/columbia/CBMF4761/Project/results/embeddings/tsne_manhattan_perp15_seed123_2d.csv
tsne_manhattan_perp15_seed256_2d,15,manhattan,2,256,0.9381952674285745,0.8162114927648157,0.9481924707055599,/Users/ariya/Documents/school/columbia/CBMF4761/Project/results/embeddings/tsne_manhattan_perp15_seed256_2d.csv
tsne_manhattan_perp15_seed7_3d,15,manhattan,3,7,0.9477443499174834,0.751231110753995,1.0,/Users/ariya/Documents/school/columbia/CBMF4761/Project/results/embeddings/tsne_manhattan_perp15_seed7_3d.csv
tsne_manhattan_perp15_seed42_3d,15,manhattan,3,42,0.9431623158080878,0.7512097303083038,0.8267763649962602,/Users/ariya/Documents/school/columbia/CBMF4761/Project/results/embeddings/tsne_manhattan_perp15_seed42_3d.csv
tsne_manhattan_perp15_seed99_3d,15,manhattan,3,99,0.9447859709998417,0.7523521318993371,0.8205933682373474,/Users/ariya/Documents/school/columbia/CBMF4761/Project/results/embeddings/tsne_manhattan_perp15_seed99_3d.csv
tsne_manhattan_perp15_seed123_3d,15,manhattan,3,123,0.9454051965921721,0.7519282729610073,0.8388930441286462,/Users/ariya/Documents/school/columbia/CBMF4761/Project/results/embeddings/tsne_manhattan_perp15_seed123_3d.csv
tsne_manhattan_perp15_seed256_3d,15,manhattan,3,256,0.947148310183525,0.7543501241819541,0.8350037397157817,/Users/ariya/Documents/school/columbia/CBMF4761/Project/results/embeddings/tsne_manhattan_perp15_seed256_3d.csv
tsne_euclidean_perp30_seed7_2d,30,euclidean,2,7,0.9051551536167473,0.7603287291672134,1.0,/Users/ariya/Documents/school/columbia/CBMF4761/Project/results/embeddings/tsne_euclidean_perp30_seed7_2d.csv
tsne_euclidean_perp30_seed42_2d,30,euclidean,2,42,0.9057853839536404,0.760973724791515,0.7796060832710047,/Users/ariya/Documents/school/columbia/CBMF4761/Project/results/embeddings/tsne_euclidean_perp30_seed42_2d.csv
tsne_euclidean_perp30_seed99_2d,30,euclidean,2,99,0.9088496361034553,0.7638036900043971,0.7552729992520568,/Users/ariya/Documents/school/columbia/CBMF4761/Project/results/embeddings/tsne_euclidean_perp30_seed99_2d.csv
tsne_euclidean_perp30_seed123_2d,30,euclidean,2,123,0.9059526940183901,0.7620664293219072,0.7713288456743954,/Users/ariya/Documents/school/columbia/CBMF4761/Project/results/embeddings/tsne_euclidean_perp30_seed123_2d.csv
tsne_euclidean_perp30_seed256_2d,30,euclidean,2,256,0.9069919593264641,0.7608057311499176,0.7753677387185242,/Users/ariya/Documents/school/columbia/CBMF4761/Project/results/embeddings/tsne_euclidean_perp30_seed256_2d.csv
tsne_euclidean_perp30_seed7_3d,30,euclidean,3,7,0.8863983254573515,0.5685805332152523,1.0,/Users/ariya/Documents/school/columbia/CBMF4761/Project/results/embeddings/tsne_euclidean_perp30_seed7_3d.csv
tsne_euclidean_perp30_seed42_3d,30,euclidean,3,42,0.8879562178134939,0.5745895453040991,0.644427823485415,/Users/ariya/Documents/school/columbia/CBMF4761/Project/results/embeddings/tsne_euclidean_perp30_seed42_3d.csv
tsne_euclidean_perp30_seed99_3d,30,euclidean,3,99,0.890653708390207,0.5777025838679135,0.6511094490152082,/Users/ariya/Documents/school/columbia/CBMF4761/Project/results/embeddings/tsne_euclidean_perp30_seed99_3d.csv
tsne_euclidean_perp30_seed123_3d,30,euclidean,3,123,0.8880375770284685,0.5670011828336042,0.6612316130640737,/Users/ariya/Documents/school/columbia/CBMF4761/Project/results/embeddings/tsne_euclidean_perp30_seed123_3d.csv
tsne_euclidean_perp30_seed256_3d,30,euclidean,3,256,0.8895506155636688,0.5776191819997865,0.6285714285714287,/Users/ariya/Documents/school/columbia/CBMF4761/Project/results/embeddings/tsne_euclidean_perp30_seed256_3d.csv
tsne_cosine_perp30_seed7_2d,30,cosine,2,7,0.9265632903730874,0.769740513952367,1.0,/Users/ariya/Documents/school/columbia/CBMF4761/Project/results/embeddings/tsne_cosine_perp30_seed7_2d.csv
tsne_cosine_perp30_seed42_2d,30,cosine,2,42,0.9267149281636838,0.7701023454998664,0.9467963101470955,/Users/ariya/Documents/school/columbia/CBMF4761/Project/results/embeddings/tsne_cosine_perp30_seed42_2d.csv
tsne_cosine_perp30_seed99_2d,30,cosine,2,99,0.9272812550873226,0.7702500457320317,0.9474445275492398,/Users/ariya/Documents/school/columbia/CBMF4761/Project/results/embeddings/tsne_cosine_perp30_seed99_2d.csv
tsne_cosine_perp30_seed123_2d,30,cosine,2,123,0.9256914869193432,0.7713335056967935,0.9633009224632262,/Users/ariya/Documents/school/columbia/CBMF4761/Project/results/embeddings/tsne_cosine_perp30_seed123_2d.csv
tsne_cosine_perp30_seed256_2d,30,cosine,2,256,0.9262779259623555,0.7723967942977782,0.9415607080528547,/Users/ariya/Documents/school/columbia/CBMF4761/Project/results/embeddings/tsne_cosine_perp30_seed256_2d.csv
tsne_cosine_perp30_seed7_3d,30,cosine,3,7,0.9308283119442842,0.680154686614999,1.0,/Users/ariya/Documents/school/columbia/CBMF4761/Project/results/embeddings/tsne_cosine_perp30_seed7_3d.csv
tsne_cosine_perp30_seed42_3d,30,cosine,3,42,0.9312675909893151,0.6775444466091293,0.7950635751682872,/Users/ariya/Documents/school/columbia/CBMF4761/Project/results/embeddings/tsne_cosine_perp30_seed42_3d.csv
tsne_cosine_perp30_seed99_3d,30,cosine,3,99,0.932040237899809,0.6764705175218453,0.8270256793817004,/Users/ariya/Documents/school/columbia/CBMF4761/Project/results/embeddings/tsne_cosine_perp30_seed99_3d.csv
tsne_cosine_perp30_seed123_3d,30,cosine,3,123,0.9309130105300226,0.6741676392302219,0.8724507604088756,/Users/ariya/Documents/school/columbia/CBMF4761/Project/results/embeddings/tsne_cosine_perp30_seed123_3d.csv
tsne_cosine_perp30_seed256_3d,30,cosine,3,256,0.932317861041952,0.6804263543892579,0.8212415856394913,/Users/ariya/Documents/school/columbia/CBMF4761/Project/results/embeddings/tsne_cosine_perp30_seed256_3d.csv
tsne_correlation_perp30_seed7_2d,30,correlation,2,7,0.9299108198269067,0.7733040287678954,1.0,/Users/ariya/Documents/school/columbia/CBMF4761/Project/results/embeddings/tsne_correlation_perp30_seed7_2d.csv
tsne_correlation_perp30_seed42_2d,30,correlation,2,42,0.9297522756104123,0.7730524985957166,0.9659436549488906,/Users/ariya/Documents/school/columbia/CBMF4761/Project/results/embeddings/tsne_correlation_perp30_seed42_2d.csv
tsne_correlation_perp30_seed99_2d,30,correlation,2,99,0.9305727741860569,0.7729563570785973,0.9667414609822986,/Users/ariya/Documents/school/columbia/CBMF4761/Project/results/embeddings/tsne_correlation_perp30_seed99_2d.csv
tsne_correlation_perp30_seed123_2d,30,correlation,2,123,0.9302419108486669,0.7726877730945961,0.9700324108701073,/Users/ariya/Documents/school/columbia/CBMF4761/Project/results/embeddings/tsne_correlation_perp30_seed123_2d.csv
tsne_correlation_perp30_seed256_2d,30,correlation,2,256,0.9298589836852764,0.7720466085393565,0.9713787085514834,/Users/ariya/Documents/school/columbia/CBMF4761/Project/results/embeddings/tsne_correlation_perp30_seed256_2d.csv
tsne_correlation_perp30_seed7_3d,30,correlation,3,7,0.9313813193322624,0.6817605790095209,1.0,/Users/ariya/Documents/school/columbia/CBMF4761/Project/results/embeddings/tsne_correlation_perp30_seed7_3d.csv
tsne_correlation_perp30_seed42_3d,30,correlation,3,42,0.9342822838412023,0.6792119436053687,0.873797058090252,/Users/ariya/Documents/school/columbia/CBMF4761/Project/results/embeddings/tsne_correlation_perp30_seed42_3d.csv
tsne_correlation_perp30_seed99_3d,30,correlation,3,99,0.9312683499372161,0.6795671422537343,0.8534031413612565,/Users/ariya/Documents/school/columbia/CBMF4761/Project/results/embeddings/tsne_correlation_perp30_seed99_3d.csv
tsne_correlation_perp30_seed123_3d,30,correlation,3,123,0.9317258057844733,0.6765498386693324,0.8409872849663425,/Users/ariya/Documents/school/columbia/CBMF4761/Project/results/embeddings/tsne_correlation_perp30_seed123_3d.csv
tsne_correlation_perp30_seed256_3d,30,correlation,3,256,0.9312855780545661,0.682806535425159,0.7952131637995513,/Users/ariya/Documents/school/columbia/CBMF4761/Project/results/embeddings/tsne_correlation_perp30_seed256_3d.csv
tsne_manhattan_perp30_seed7_2d,30,manhattan,2,7,0.9346246831866857,0.780273412924704,1.0,/Users/ariya/Documents/school/columbia/CBMF4761/Project/results/embeddings/tsne_manhattan_perp30_seed7_2d.csv
tsne_manhattan_perp30_seed42_2d,30,manhattan,2,42,0.9329191754638215,0.7813043489581352,0.9459985041136875,/Users/ariya/Documents/school/columbia/CBMF4761/Project/results/embeddings/tsne_manhattan_perp30_seed42_2d.csv
tsne_manhattan_perp30_seed99_2d,30,manhattan,2,99,0.9325054729630502,0.7792787492659434,0.8953876838693593,/Users/ariya/Documents/school/columbia/CBMF4761/Project/results/embeddings/tsne_manhattan_perp30_seed99_2d.csv
tsne_manhattan_perp30_seed123_2d,30,manhattan,2,123,0.930410359335268,0.7800754680138047,0.8911992021939665,/Users/ariya/Documents/school/columbia/CBMF4761/Project/results/embeddings/tsne_manhattan_perp30_seed123_2d.csv
tsne_manhattan_perp30_seed256_2d,30,manhattan,2,256,0.9308699022892525,0.7811203334044503,0.9027175268012965,/Users/ariya/Documents/school/columbia/CBMF4761/Project/results/embeddings/tsne_manhattan_perp30_seed256_2d.csv
tsne_manhattan_perp30_seed7_3d,30,manhattan,3,7,0.9322200706049232,0.6129391051164794,1.0,/Users/ariya/Documents/school/columbia/CBMF4761/Project/results/embeddings/tsne_manhattan_perp30_seed7_3d.csv
tsne_manhattan_perp30_seed42_3d,30,manhattan,3,42,0.9302672597085564,0.6082713164375383,0.8052356020942407,/Users/ariya/Documents/school/columbia/CBMF4761/Project/results/embeddings/tsne_manhattan_perp30_seed42_3d.csv
tsne_manhattan_perp30_seed99_3d,30,manhattan,3,99,0.9293117443013448,0.6048856712271385,0.7713787085514834,/Users/ariya/Documents/school/columbia/CBMF4761/Project/results/embeddings/tsne_manhattan_perp30_seed99_3d.csv
tsne_manhattan_perp30_seed123_3d,30,manhattan,3,123,0.9318687915689996,0.6013968103336377,0.7425081027175268,/Users/ariya/Documents/school/columbia/CBMF4761/Project/results/embeddings/tsne_manhattan_perp30_seed123_3d.csv
tsne_manhattan_perp30_seed256_3d,30,manhattan,3,256,0.9273023158915722,0.6065226968764958,0.7398155073547744,/Users/ariya/Documents/school/columbia/CBMF4761/Project/results/embeddings/tsne_manhattan_perp30_seed256_3d.csv
tsne_euclidean_perp50_seed7_2d,50,euclidean,2,7,0.9004747978067924,0.7438612331504001,1.0,/Users/ariya/Documents/school/columbia/CBMF4761/Project/results/embeddings/tsne_euclidean_perp50_seed7_2d.csv
tsne_euclidean_perp50_seed42_2d,50,euclidean,2,42,0.8925927823295678,0.7532770616688027,0.6574918972824731,/Users/ariya/Documents/school/columbia/CBMF4761/Project/results/embeddings/tsne_euclidean_perp50_seed42_2d.csv
tsne_euclidean_perp50_seed99_2d,50,euclidean,2,99,0.8910841456921927,0.7381163485192479,0.6743455497382199,/Users/ariya/Documents/school/columbia/CBMF4761/Project/results/embeddings/tsne_euclidean_perp50_seed99_2d.csv
tsne_euclidean_perp50_seed123_2d,50,euclidean,2,123,0.8935761511247419,0.742641192727005,0.6598853153826976,/Users/ariya/Documents/school/columbia/CBMF4761/Project/results/embeddings/tsne_euclidean_perp50_seed123_2d.csv
tsne_euclidean_perp50_seed256_2d,50,euclidean,2,256,0.8861254836869841,0.7448906619811801,0.6587883320867614,/Users/ariya/Documents/school/columbia/CBMF4761/Project/results/embeddings/tsne_euclidean_perp50_seed256_2d.csv
tsne_euclidean_perp50_seed7_3d,50,euclidean,3,7,0.8753601871869103,0.5135189563153768,1.0,/Users/ariya/Documents/school/columbia/CBMF4761/Project/results/embeddings/tsne_euclidean_perp50_seed7_3d.csv
tsne_euclidean_perp50_seed42_3d,50,euclidean,3,42,0.8706343324502974,0.5086147725280501,0.5707304911493393,/Users/ariya/Documents/school/columbia/CBMF4761/Project/results/embeddings/tsne_euclidean_perp50_seed42_3d.csv
tsne_euclidean_perp50_seed99_3d,50,euclidean,3,99,0.8673514274102383,0.5233548123003975,0.5608576414859138,/Users/ariya/Documents/school/columbia/CBMF4761/Project/results/embeddings/tsne_euclidean_perp50_seed99_3d.csv
tsne_euclidean_perp50_seed123_3d,50,euclidean,3,123,0.8773992904596075,0.5111686125946191,0.5671403639990027,/Users/ariya/Documents/school/columbia/CBMF4761/Project/results/embeddings/tsne_euclidean_perp50_seed123_3d.csv
tsne_euclidean_perp50_seed256_3d,50,euclidean,3,256,0.867873735355626,0.5096541790602513,0.575168287210172,/Users/ariya/Documents/school/columbia/CBMF4761/Project/results/embeddings/tsne_euclidean_perp50_seed256_3d.csv
tsne_cosine_perp50_seed7_2d,50,cosine,2,7,0.9259110125996736,0.7533405146970753,1.0,/Users/ariya/Documents/school/columbia/CBMF4761/Project/results/embeddings/tsne_cosine_perp50_seed7_2d.csv
tsne_cosine_perp50_seed42_2d,50,cosine,2,42,0.9235993331883743,0.7539118936317732,0.8601346297681376,/Users/ariya/Documents/school/columbia/CBMF4761/Project/results/embeddings/tsne_cosine_perp50_seed42_2d.csv
tsne_cosine_perp50_seed99_2d,50,cosine,2,99,0.9230530045419237,0.7495954172641157,0.8924457741211669,/Users/ariya/Documents/school/columbia/CBMF4761/Project/results/embeddings/tsne_cosine_perp50_seed99_2d.csv
tsne_cosine_perp50_seed123_2d,50,cosine,2,123,0.9246548020341322,0.7548416876312075,0.874744452754924,/Users/ariya/Documents/school/columbia/CBMF4761/Project/results/embeddings/tsne_cosine_perp50_seed123_2d.csv
tsne_cosine_perp50_seed256_2d,50,cosine,2,256,0.9219413735515005,0.7549743046255034,0.8775367738718524,/Users/ariya/Documents/school/columbia/CBMF4761/Project/results/embeddings/tsne_cosine_perp50_seed256_2d.csv
tsne_cosine_perp50_seed7_3d,50,cosine,3,7,0.9001051142842723,0.48486102163910627,1.0,/Users/ariya/Documents/school/columbia/CBMF4761/Project/results/embeddings/tsne_cosine_perp50_seed7_3d.csv
tsne_cosine_perp50_seed42_3d,50,cosine,3,42,0.9008213334183355,0.4842015829070309,0.6281725255547245,/Users/ariya/Documents/school/columbia/CBMF4761/Project/results/embeddings/tsne_cosine_perp50_seed42_3d.csv
tsne_cosine_perp50_seed99_3d,50,cosine,3,99,0.9011600518664995,0.49576247911181637,0.6168037895786587,/Users/ariya/Documents/school/columbia/CBMF4761/Project/results/embeddings/tsne_cosine_perp50_seed99_3d.csv
tsne_cosine_perp50_seed123_3d,50,cosine,3,123,0.907523071067502,0.4934312625535695,0.625629518823236,/Users/ariya/Documents/school/columbia/CBMF4761/Project/results/embeddings/tsne_cosine_perp50_seed123_3d.csv
tsne_cosine_perp50_seed256_3d,50,cosine,3,256,0.9035642470269165,0.4940833211160408,0.6328596360009973,/Users/ariya/Documents/school/columbia/CBMF4761/Project/results/embeddings/tsne_cosine_perp50_seed256_3d.csv
tsne_correlation_perp50_seed7_2d,50,correlation,2,7,0.9238369977235358,0.748961864184715,1.0,/Users/ariya/Documents/school/columbia/CBMF4761/Project/results/embeddings/tsne_correlation_perp50_seed7_2d.csv
tsne_correlation_perp50_seed42_2d,50,correlation,2,42,0.926728854857665,0.7531416311216683,0.8014460234355522,/Users/ariya/Documents/school/columbia/CBMF4761/Project/results/embeddings/tsne_correlation_perp50_seed42_2d.csv
tsne_correlation_perp50_seed99_2d,50,correlation,2,99,0.9251410979016229,0.750800611894403,0.8270256793817004,/Users/ariya/Documents/school/columbia/CBMF4761/Project/results/embeddings/tsne_correlation_perp50_seed99_2d.csv
tsne_correlation_perp50_seed123_2d,50,correlation,2,123,0.9267458173432498,0.7495588868887727,0.8058339566192968,/Users/ariya/Documents/school/columbia/CBMF4761/Project/results/embeddings/tsne_correlation_perp50_seed123_2d.csv
tsne_correlation_perp50_seed256_2d,50,correlation,2,256,0.9267312834909478,0.7536613514310191,0.8216404886561954,/Users/ariya/Documents/school/columbia/CBMF4761/Project/results/embeddings/tsne_correlation_perp50_seed256_2d.csv
tsne_correlation_perp50_seed7_3d,50,correlation,3,7,0.9011282898968476,0.48854412795514546,1.0,/Users/ariya/Documents/school/columbia/CBMF4761/Project/results/embeddings/tsne_correlation_perp50_seed7_3d.csv
tsne_correlation_perp50_seed42_3d,50,correlation,3,42,0.9017511963864973,0.4913909800001207,0.612365993517826,/Users/ariya/Documents/school/columbia/CBMF4761/Project/results/embeddings/tsne_correlation_perp50_seed42_3d.csv
tsne_correlation_perp50_seed99_3d,50,correlation,3,99,0.905787509007763,0.49772869184009194,0.6425828970331589,/Users/ariya/Documents/school/columbia/CBMF4761/Project/results/embeddings/tsne_correlation_perp50_seed99_3d.csv
tsne_correlation_perp50_seed123_3d,50,correlation,3,123,0.9020202054699652,0.48965290282177165,0.6301670406382448,/Users/ariya/Documents/school/columbia/CBMF4761/Project/results/embeddings/tsne_correlation_perp50_seed123_3d.csv
tsne_correlation_perp50_seed256_3d,50,correlation,3,256,0.9029641469216884,0.49164784959449154,0.6231363749688357,/Users/ariya/Documents/school/columbia/CBMF4761/Project/results/embeddings/tsne_correlation_perp50_seed256_3d.csv
tsne_manhattan_perp50_seed7_2d,50,manhattan,2,7,0.9197358709515348,0.7585462437103603,1.0,/Users/ariya/Documents/school/columbia/CBMF4761/Project/results/embeddings/tsne_manhattan_perp50_seed7_2d.csv
tsne_manhattan_perp50_seed42_2d,50,manhattan,2,42,0.9214512829445054,0.7599730927513381,0.7073049114933933,/Users/ariya/Documents/school/columbia/CBMF4761/Project/results/embeddings/tsne_manhattan_perp50_seed42_2d.csv
tsne_manhattan_perp50_seed99_2d,50,manhattan,2,99,0.9194484953288654,0.7512251095848217,0.7049613562702569,/Users/ariya/Documents/school/columbia/CBMF4761/Project/results/embeddings/tsne_manhattan_perp50_seed99_2d.csv
tsne_manhattan_perp50_seed123_2d,50,manhattan,2,123,0.9167207606783021,0.7595608674696221,0.7095487409623535,/Users/ariya/Documents/school/columbia/CBMF4761/Project/results/embeddings/tsne_manhattan_perp50_seed123_2d.csv
tsne_manhattan_perp50_seed256_2d,50,manhattan,2,256,0.9211863342323071,0.7598870252817496,0.7289952630266767,/Users/ariya/Documents/school/columbia/CBMF4761/Project/results/embeddings/tsne_manhattan_perp50_seed256_2d.csv
tsne_manhattan_perp50_seed7_3d,50,manhattan,3,7,0.8961328189184461,0.5132395290240829,1.0,/Users/ariya/Documents/school/columbia/CBMF4761/Project/results/embeddings/tsne_manhattan_perp50_seed7_3d.csv
tsne_manhattan_perp50_seed42_3d,50,manhattan,3,42,0.9008256594213705,0.5158674663319935,0.5888805784093741,/Users/ariya/Documents/school/columbia/CBMF4761/Project/results/embeddings/tsne_manhattan_perp50_seed42_3d.csv
tsne_manhattan_perp50_seed99_3d,50,manhattan,3,99,0.9045363833931575,0.5114231546946834,0.5902268760907505,/Users/ariya/Documents/school/columbia/CBMF4761/Project/results/embeddings/tsne_manhattan_perp50_seed99_3d.csv
tsne_manhattan_perp50_seed123_3d,50,manhattan,3,123,0.9000499767192731,0.5154315745270804,0.5844427823485415,/Users/ariya/Documents/school/columbia/CBMF4761/Project/results/embeddings/tsne_manhattan_perp50_seed123_3d.csv
tsne_manhattan_perp50_seed256_3d,50,manhattan,3,256,0.9067130459728896,0.5141267897519067,0.600149588631264,/Users/ariya/Documents/school/columbia/CBMF4761/Project/results/embeddings/tsne_manhattan_perp50_seed256_3d.csv
tsne_euclidean_perp100_seed7_2d,100,euclidean,2,7,0.8886176409091133,0.7232191246592109,1.0,/Users/ariya/Documents/school/columbia/CBMF4761/Project/results/embeddings/tsne_euclidean_perp100_seed7_2d.csv
tsne_euclidean_perp100_seed42_2d,100,euclidean,2,42,0.8897386828535075,0.7122272914914802,0.6537521815008727,/Users/ariya/Documents/school/columbia/CBMF4761/Project/results/embeddings/tsne_euclidean_perp100_seed42_2d.csv
tsne_euclidean_perp100_seed99_2d,100,euclidean,2,99,0.8887207819288433,0.7322549061048962,0.6363500373971578,/Users/ariya/Documents/school/columbia/CBMF4761/Project/results/embeddings/tsne_euclidean_perp100_seed99_2d.csv
tsne_euclidean_perp100_seed123_2d,100,euclidean,2,123,0.8885481592287875,0.7240830908560869,0.6503615058588881,/Users/ariya/Documents/school/columbia/CBMF4761/Project/results/embeddings/tsne_euclidean_perp100_seed123_2d.csv
tsne_euclidean_perp100_seed256_2d,100,euclidean,2,256,0.8855336940612706,0.730417109806753,0.6392420842682622,/Users/ariya/Documents/school/columbia/CBMF4761/Project/results/embeddings/tsne_euclidean_perp100_seed256_2d.csv
tsne_euclidean_perp100_seed7_3d,100,euclidean,3,7,0.8563918781949336,0.4525459744471284,1.0,/Users/ariya/Documents/school/columbia/CBMF4761/Project/results/embeddings/tsne_euclidean_perp100_seed7_3d.csv
tsne_euclidean_perp100_seed42_3d,100,euclidean,3,42,0.8482865422978741,0.4446730620835936,0.4982298678633757,/Users/ariya/Documents/school/columbia/CBMF4761/Project/results/embeddings/tsne_euclidean_perp100_seed42_3d.csv
tsne_euclidean_perp100_seed99_3d,100,euclidean,3,99,0.8535281400805319,0.4516415158937798,0.5025679381700324,/Users/ariya/Documents/school/columbia/CBMF4761/Project/results/embeddings/tsne_euclidean_perp100_seed99_3d.csv
tsne_euclidean_perp100_seed123_3d,100,euclidean,3,123,0.8536365178407781,0.4450866948325954,0.5016205435053602,/Users/ariya/Documents/school/columbia/CBMF4761/Project/results/embeddings/tsne_euclidean_perp100_seed123_3d.csv
tsne_euclidean_perp100_seed256_3d,100,euclidean,3,256,0.850293580021759,0.44350718765343106,0.5036150585888806,/Users/ariya/Documents/school/columbia/CBMF4761/Project/results/embeddings/tsne_euclidean_perp100_seed256_3d.csv
tsne_cosine_perp100_seed7_2d,100,cosine,2,7,0.9233201162556395,0.7531563827685472,1.0,/Users/ariya/Documents/school/columbia/CBMF4761/Project/results/embeddings/tsne_cosine_perp100_seed7_2d.csv
tsne_cosine_perp100_seed42_2d,100,cosine,2,42,0.9175905529201089,0.750195142335135,0.7240089753178758,/Users/ariya/Documents/school/columbia/CBMF4761/Project/results/embeddings/tsne_cosine_perp100_seed42_2d.csv
tsne_cosine_perp100_seed99_2d,100,cosine,2,99,0.9206008818215661,0.7472787980873926,0.7089005235602094,/Users/ariya/Documents/school/columbia/CBMF4761/Project/results/embeddings/tsne_cosine_perp100_seed99_2d.csv
tsne_cosine_perp100_seed123_2d,100,cosine,2,123,0.9211202298701402,0.7449525655594791,0.7204687110446274,/Users/ariya/Documents/school/columbia/CBMF4761/Project/results/embeddings/tsne_cosine_perp100_seed123_2d.csv
tsne_cosine_perp100_seed256_2d,100,cosine,2,256,0.9218465050638901,0.7478801142775178,0.6819247070555972,/Users/ariya/Documents/school/columbia/CBMF4761/Project/results/embeddings/tsne_cosine_perp100_seed256_2d.csv
tsne_cosine_perp100_seed7_3d,100,cosine,3,7,0.8761939294034252,0.4319069209123167,1.0,/Users/ariya/Documents/school/columbia/CBMF4761/Project/results/embeddings/tsne_cosine_perp100_seed7_3d.csv
tsne_cosine_perp100_seed42_3d,100,cosine,3,42,0.8799406275057139,0.4322551803895947,0.5456494639740713,/Users/ariya/Documents/school/columbia/CBMF4761/Project/results/embeddings/tsne_cosine_perp100_seed42_3d.csv
tsne_cosine_perp100_seed99_3d,100,cosine,3,99,0.8750160043138598,0.42806754477734443,0.524956369982548,/Users/ariya/Documents/school/columbia/CBMF4761/Project/results/embeddings/tsne_cosine_perp100_seed99_3d.csv
tsne_cosine_perp100_seed123_3d,100,cosine,3,123,0.8767312645172504,0.4294041476965864,0.5398155073547743,/Users/ariya/Documents/school/columbia/CBMF4761/Project/results/embeddings/tsne_cosine_perp100_seed123_3d.csv
tsne_cosine_perp100_seed256_3d,100,cosine,3,256,0.8783021728298929,0.4347057121238304,0.5372725006232859,/Users/ariya/Documents/school/columbia/CBMF4761/Project/results/embeddings/tsne_cosine_perp100_seed256_3d.csv
tsne_correlation_perp100_seed7_2d,100,correlation,2,7,0.9201629688827566,0.7430936071363529,1.0,/Users/ariya/Documents/school/columbia/CBMF4761/Project/results/embeddings/tsne_correlation_perp100_seed7_2d.csv
tsne_correlation_perp100_seed42_2d,100,correlation,2,42,0.9180707772043927,0.7477769443142568,0.6903515332834704,/Users/ariya/Documents/school/columbia/CBMF4761/Project/results/embeddings/tsne_correlation_perp100_seed42_2d.csv
tsne_correlation_perp100_seed99_2d,100,correlation,2,99,0.916449057329786,0.751058732985372,0.6842682622787335,/Users/ariya/Documents/school/columbia/CBMF4761/Project/results/embeddings/tsne_correlation_perp100_seed99_2d.csv
tsne_correlation_perp100_seed123_2d,100,correlation,2,123,0.9221441644306164,0.7517407665838628,0.6798304662179008,/Users/ariya/Documents/school/columbia/CBMF4761/Project/results/embeddings/tsne_correlation_perp100_seed123_2d.csv
tsne_correlation_perp100_seed256_2d,100,correlation,2,256,0.9229977910821345,0.7441361014861914,0.7041635502368487,/Users/ariya/Documents/school/columbia/CBMF4761/Project/results/embeddings/tsne_correlation_perp100_seed256_2d.csv
tsne_correlation_perp100_seed7_3d,100,correlation,3,7,0.8817953443858916,0.43170377910575236,1.0,/Users/ariya/Documents/school/columbia/CBMF4761/Project/results/embeddings/tsne_correlation_perp100_seed7_3d.csv
tsne_correlation_perp100_seed42_3d,100,correlation,3,42,0.8793692535785342,0.4358749106086382,0.550536025928696,/Users/ariya/Documents/school/columbia/CBMF4761/Project/results/embeddings/tsne_correlation_perp100_seed42_3d.csv
tsne_correlation_perp100_seed99_3d,100,correlation,3,99,0.8807041670413972,0.4342048468071056,0.5432061829967589,/Users/ariya/Documents/school/columbia/CBMF4761/Project/results/embeddings/tsne_correlation_perp100_seed99_3d.csv
tsne_correlation_perp100_seed123_3d,100,correlation,3,123,0.8807516012852024,0.43292270929313487,0.5327349788082772,/Users/ariya/Documents/school/columbia/CBMF4761/Project/results/embeddings/tsne_correlation_perp100_seed123_3d.csv
tsne_correlation_perp100_seed256_3d,100,correlation,3,256,0.8767674283847274,0.43392382714246136,0.5273497880827723,/Users/ariya/Documents/school/columbia/CBMF4761/Project/results/embeddings/tsne_correlation_perp100_seed256_3d.csv
tsne_manhattan_perp100_seed7_2d,100,manhattan,2,7,0.903551762333947,0.7463105397144872,1.0,/Users/ariya/Documents/school/columbia/CBMF4761/Project/results/embeddings/tsne_manhattan_perp100_seed7_2d.csv
tsne_manhattan_perp100_seed42_2d,100,manhattan,2,42,0.9110839787236545,0.7397424633344238,0.6650211917227624,/Users/ariya/Documents/school/columbia/CBMF4761/Project/results/embeddings/tsne_manhattan_perp100_seed42_2d.csv
tsne_manhattan_perp100_seed99_2d,100,manhattan,2,99,0.9075326338110531,0.7416894060381265,0.6848666168037897,/Users/ariya/Documents/school/columbia/CBMF4761/Project/results/embeddings/tsne_manhattan_perp100_seed99_2d.csv
tsne_manhattan_perp100_seed123_2d,100,manhattan,2,123,0.906765754904606,0.7406795967968121,0.6795811518324607,/Users/ariya/Documents/school/columbia/CBMF4761/Project/results/embeddings/tsne_manhattan_perp100_seed123_2d.csv
tsne_manhattan_perp100_seed256_2d,100,manhattan,2,256,0.9122406532719952,0.7444985047512336,0.6897531787584144,/Users/ariya/Documents/school/columbia/CBMF4761/Project/results/embeddings/tsne_manhattan_perp100_seed256_2d.csv
tsne_manhattan_perp100_seed7_3d,100,manhattan,3,7,0.8812789941815259,0.4518791585829274,1.0,/Users/ariya/Documents/school/columbia/CBMF4761/Project/results/embeddings/tsne_manhattan_perp100_seed7_3d.csv
tsne_manhattan_perp100_seed42_3d,100,manhattan,3,42,0.8745329339749479,0.4508169136204264,0.5234106207928197,/Users/ariya/Documents/school/columbia/CBMF4761/Project/results/embeddings/tsne_manhattan_perp100_seed42_3d.csv
tsne_manhattan_perp100_seed99_3d,100,manhattan,3,99,0.874306160342164,0.4540355301374415,0.5275991024682124,/Users/ariya/Documents/school/columbia/CBMF4761/Project/results/embeddings/tsne_manhattan_perp100_seed99_3d.csv
tsne_manhattan_perp100_seed123_3d,100,manhattan,3,123,0.8784015191101184,0.44523051429466365,0.5281475941161804,/Users/ariya/Documents/school/columbia/CBMF4761/Project/results/embeddings/tsne_manhattan_perp100_seed123_3d.csv
tsne_manhattan_perp100_seed256_3d,100,manhattan,3,256,0.8771675457180729,0.4544542106172942,0.5311393667414609,/Users/ariya/Documents/school/columbia/CBMF4761/Project/results/embeddings/tsne_manhattan_perp100_seed256_3d.csv
